1,Gavan,Drewell,gdrewell0@alibaba.com,Male,29-06-1990,3750.01
2,Wilton,Danton,wdanton1@github.com,Male,19-10-1961,2525.9
3,Jocelyn,Heakey,jheakey2@mlb.com,Female,31-07-1972,2357.49
4,Catlaina,Candie,ccandie3@blinklist.com,Female,29-06-1981,3068.75
5,Mario,Greenleaf,mgreenleaf4@usda.gov,Male,07-01-1998,4564.93
6,Waldon,Ruberti,wruberti5@mail.ru,Male,09-07-1963,3654.69
7,Jacquetta,Parmley,jparmley6@latimes.com,Female,14-08-1991,1060.37
8,Jandy,Goulborne,jgoulborne7@google.com.br,Female,14-10-1995,1458.61
9,Yancy,Kopta,ykopta8@nifty.com,Male,16-07-1976,4548.05
10,Tab,Statefield,tstatefield9@narod.ru,Male,05-08-1997,2717.52
11,Melvin,Faers,mfaersa@free.fr,Male,25-06-2000,2014.66
12,Adelice,Petters,apettersb@cdc.gov,Female,16-08-1988,2077.69
13,Meggy,Gilcrist,mgilcristc@opera.com,Female,10-03-1971,2134.42
14,Alaric,Pittwood,apittwoodd@bigcartel.com,Male,01-05-1973,4469.54
15,Iggy,Avrashin,iavrashine@yandex.ru,Male,27-12-1971,3714.88
16,Philis,Showering,pshoweringf@nymag.com,Bigender,15-11-1963,1172.36
17,Jillie,Leeds,jleedsg@mozilla.org,Female,11-01-1971,1670.06
18,Melisenda,Vassay,mvassayh@google.it,Female,03-03-1968,1399.73
19,Jordana,de Keep,jdekeepi@sogou.com,Female,23-06-1996,4686.13
20,Carlynne,Cornelissen,ccornelissenj@omniture.com,Non-binary,25-07-1972,5804.91
21,Neely,Fetteplace,nfetteplacek@addthis.com,Female,05-11-1990,1302.35
22,Loydie,Rembaud,lrembaudl@princeton.edu,Genderfluid,01-12-1991,2346.71
23,Jillana,Couldwell,jcouldwellm@answers.com,Female,18-09-1998,4255.04
24,Locke,Klisch,lklischn@mapy.cz,Male,04-09-1977,4893.41
25,Gus,Martugin,gmartugino@amazonaws.com,Male,13-09-1997,5282.91
26,Orran,Juzek,ojuzekp@issuu.com,Male,29-07-1994,3452.06
27,Savina,Caroline,scarolineq@ocn.ne.jp,Female,12-06-1983,4956.54
28,Darrin,Strattan,dstrattanr@jiathis.com,Male,20-03-1995,4842.12
29,Corabelle,Camerati,ccameratis@quantcast.com,Female,18-04-1981,5762.72
30,Jacquelynn,Stobbie,jstobbiet@usa.gov,Female,30-03-1986,1606.57
31,Tonnie,Cottrell,tcottrellu@cocolog-nifty.com,Male,11-04-1991,2634.37
32,Florence,Bentjens,fbentjensv@zimbio.com,Female,12-05-1976,5739.17
33,Melli,Pietraszek,mpietraszekw@yahoo.co.jp,Female,30-04-1990,3319.7
34,Mycah,Florez,mflorezx@blogtalkradio.com,Male,08-01-1960,1178.05
35,Myron,Grouen,mgroueny@smh.com.au,Male,17-11-1984,5348.36
36,Quillan,Nockalls,qnockallsz@multiply.com,Male,29-02-1984,3369.14
37,Sharyl,Napier,snapier10@marketwatch.com,Bigender,28-04-1970,1268.4
38,Mayer,Crawcour,mcrawcour11@upenn.edu,Male,22-04-1992,1204.79
39,Marissa,Heephy,mheephy12@abc.net.au,Female,02-09-1967,5380.12
40,Guilbert,Fearnsides,gfearnsides13@google.de,Male,07-09-1991,1363.97
41,Flor,Baptie,fbaptie14@businesswire.com,Female,11-05-1968,1521.7
42,Broderic,Filkin,bfilkin15@bloglines.com,Male,02-11-1988,5835.28
43,Alphard,Childerley,achilderley16@1688.com,Male,14-10-1995,3876.68
44,Brandy,Fluger,bfluger17@indiegogo.com,Female,29-09-1991,1712.05
45,Opal,Ventom,oventom18@army.mil,Female,03-05-1982,4511.73
46,Hayward,Thornhill,hthornhill19@vkontakte.ru,Male,26-08-1970,2713.91
47,Hanson,Muck,hmuck1a@xinhuanet.com,Male,19-09-1964,4327.16
48,Dody,Digweed,ddigweed1b@phoca.cz,Female,18-10-1992,5190.07
49,Maisey,Meekings,mmeekings1c@mashable.com,Female,17-08-1977,4695.59
50,Esme,Debenham,edebenham1d@princeton.edu,Female,21-09-1970,3283.66
51,Cloris,Hansberry,chansberry1e@nytimes.com,Female,13-03-1972,3727.34
52,Garrott,Van der Brugge,gvanderbrugge1f@home.pl,Male,14-03-1963,4444.72
53,Miriam,Blaisdale,mblaisdale1g@wordpress.org,Female,18-11-1974,4281.62
54,Pacorro,Wickling,pwickling1h@reference.com,Male,23-10-1984,4922.92
55,Kerr,Dewett,kdewett1i@seattletimes.com,Polygender,09-02-1984,5906.53
56,Jilli,Hullyer,jhullyer1j@umich.edu,Female,18-11-1995,3154.81
57,Libby,Slyford,lslyford1k@ox.ac.uk,Female,09-08-1965,5668.63
58,Nikki,Dominey,ndominey1l@ihg.com,Genderfluid,07-12-1986,1972.85
59,Jakie,Jedrzejewsky,jjedrzejewsky1m@toplist.cz,Male,26-09-1978,2564.87
60,Tiff,Hooban,thooban1n@soup.io,Female,11-05-1989,1510.31
61,Clary,Beatens,cbeatens1o@apple.com,Female,10-11-1972,2575.66
62,Shurlocke,Sherbrook,ssherbrook1p@slideshare.net,Male,28-05-2000,5652.74
63,Yasmeen,Blaw,yblaw1q@dell.com,Female,07-02-1971,1036.65
64,Vladamir,Radley,vradley1r@rediff.com,Male,23-08-1963,2142.51
65,Taddeo,Jaslem,tjaslem1s@forbes.com,Male,30-06-1996,2999.15
66,Royce,Charter,rcharter1t@nature.com,Male,11-09-1976,2339.93
67,Berkeley,Sinclar,bsinclar1u@amazon.com,Male,13-09-1964,2723.25
68,Mandel,Cribbins,mcribbins1v@redcross.org,Male,31-05-1971,5674.14
69,Marc,Bidwell,mbidwell1w@bluehost.com,Genderfluid,28-06-2000,3797.28
70,Herrick,Cardon,hcardon1x@list-manage.com,Male,04-03-1982,4445.03
71,Hedvig,Meller,hmeller1y@flavors.me,Female,25-04-1963,3905.98
72,Dannel,Reyner,dreyner1z@imageshack.us,Male,17-07-1964,4130.76
73,Maryrose,Cufflin,mcufflin20@topsy.com,Female,14-06-1997,4068.54
74,Marris,McVity,mmcvity21@digg.com,Female,09-05-1967,2292.86
75,Petey,Duffrie,pduffrie22@ox.ac.uk,Male,18-02-1962,1169.6
76,Fayth,Aguirre,faguirre23@theatlantic.com,Female,28-01-1989,3177.61
77,Kippy,Bush,kbush24@fda.gov,Male,07-06-1970,3294.33
78,Nissy,Colcutt,ncolcutt25@goodreads.com,Female,18-07-1966,1944.03
79,Conroy,Dungey,cdungey26@w3.org,Male,06-06-1984,4804.44
80,Saunder,Cotilard,scotilard27@printfriendly.com,Male,12-03-1972,4844.73
81,Lissie,Carnilian,lcarnilian28@hibu.com,Female,17-01-1983,3708.98
82,Ebba,Mora,emora29@xing.com,Female,15-02-1992,3648.34
83,Letty,Whibley,lwhibley2a@google.com.br,Female,26-08-1988,3327.53
84,Franklyn,Smail,fsmail2b@woothemes.com,Non-binary,06-03-1974,4489.98
85,Saleem,Glyssanne,sglyssanne2c@cbc.ca,Male,31-10-1999,3043.13
86,Olenka,Maccaig,omaccaig2d@newsvine.com,Female,23-08-1972,5767.02
87,Lindsey,Thripp,lthripp2e@timesonline.co.uk,Male,27-04-1979,4244.75
88,Elita,Temporal,etemporal2f@mashable.com,Female,19-10-1971,4222.57
89,Alfons,Commin,acommin2g@toplist.cz,Male,06-05-1972,4452.13
90,Nathalia,Spat,nspat2h@cnbc.com,Female,07-08-1988,3510.87
91,Albrecht,Vasyagin,avasyagin2i@reddit.com,Male,31-07-1965,1121.96
92,Betteanne,Lambard,blambard2j@yelp.com,Polygender,22-11-1973,3204.56
93,Rabi,Greenall,rgreenall2k@yelp.com,Bigender,28-02-1983,5571.32
94,Aguistin,Temby,atemby2l@diigo.com,Male,03-08-1990,3742.17
95,Boonie,Decaze,bdecaze2m@webnode.com,Male,31-10-1992,4525.88
96,Auberta,Roffe,aroffe2n@youtube.com,Female,05-04-1996,4809.8
97,Shirline,Sneesby,ssneesby2o@godaddy.com,Female,10-10-1968,1741.99
98,Robinetta,Drover,rdrover2p@arizona.edu,Female,27-07-1960,1674.89
99,Daphna,Guiot,dguiot2q@ibm.com,Female,10-10-1996,3039.98
100,Ermin,Rollitt,erollitt2r@alexa.com,Male,24-11-1987,1700.4
101,Micky,Brekonridge,mbrekonridge2s@livejournal.com,Bigender,04-11-1961,4320.68
102,Lynnell,Winckle,lwinckle2t@japanpost.jp,Female,16-04-1978,5772.98
103,Malorie,Andrejevic,mandrejevic2u@topsy.com,Female,17-03-1992,1711.66
104,Dyna,Wyche,dwyche2v@example.com,Female,03-02-1982,2015.86
105,Aldous,Deacock,adeacock2w@meetup.com,Male,02-11-1986,1097.66
106,Eb,Korting,ekorting2x@seesaa.net,Male,05-01-1982,3010.19
107,Roxine,Bruyett,rbruyett2y@buzzfeed.com,Female,15-10-1960,1263.71
108,Estrellita,Shinner,eshinner2z@independent.co.uk,Female,18-10-1998,2587.98
109,Heddie,Cobbin,hcobbin30@usnews.com,Female,04-05-1980,2718.16
110,Elly,Hannan,ehannan31@adobe.com,Female,11-08-1984,4284.13
111,Shirleen,Carcas,scarcas32@over-blog.com,Female,16-03-1987,1891.48
112,Janaye,Furniss,jfurniss33@nydailynews.com,Female,09-08-1970,2520.47
113,Aubrey,Doree,adoree34@google.com.hk,Male,07-02-1988,2877.57
114,Tabby,Lukas,tlukas35@slate.com,Female,13-05-1967,2462.94
115,Jada,Blaschek,jblaschek36@pcworld.com,Female,27-03-1971,1001.41
116,Briney,McAuslene,bmcauslene37@tumblr.com,Female,06-12-1978,1463.2
117,Alena,Hannam,ahannam38@weibo.com,Female,07-03-1965,4718.5
118,Dionisio,Vasyunkin,dvasyunkin39@vinaora.com,Male,07-04-1967,2800.65
119,Aldous,Glasscoe,aglasscoe3a@cbslocal.com,Non-binary,05-09-1985,1111.67
120,Sterne,Killerby,skillerby3b@dailymail.co.uk,Male,21-01-1997,1501.01
121,Rebe,Boyall,rboyall3c@t.co,Female,20-10-1989,4330.97
122,Nev,Bleckly,nbleckly3d@blinklist.com,Male,01-03-1962,2636.2
123,Charin,Humpatch,chumpatch3e@whitehouse.gov,Non-binary,22-05-1974,3340.26
124,Ginger,Ladbrooke,gladbrooke3f@discuz.net,Female,11-12-1988,2822.22
125,Oliy,Trays,otrays3g@amazon.co.uk,Female,17-12-1989,4624.16
126,Leta,Christer,lchrister3h@time.com,Female,25-07-1972,2422.29
127,Kurtis,Dauncey,kdauncey3i@vimeo.com,Male,12-08-1976,2725.15
128,Loise,Pedycan,lpedycan3j@eepurl.com,Female,14-01-1993,5429.16
129,Justinian,Staddart,jstaddart3k@netscape.com,Male,11-07-1971,4061.29
130,Otis,Vinnicombe,ovinnicombe3l@arstechnica.com,Male,01-11-1985,3379.11
131,Carlee,Gideon,cgideon3m@myspace.com,Female,30-01-1998,1221.08
132,Chicky,Garz,cgarz3n@dailymotion.com,Male,02-04-1983,1630.72
133,Daile,Impey,dimpey3o@cargocollective.com,Female,15-04-1976,1968.93
134,Merla,Stanlack,mstanlack3p@ehow.com,Female,06-06-1965,2223.21
135,Derek,McGowing,dmcgowing3q@umn.edu,Male,30-06-1982,4551.74
136,Ly,Schankelborg,lschankelborg3r@sourceforge.net,Male,10-11-1981,1591.5
137,Leisha,Lonsbrough,llonsbrough3s@amazonaws.com,Female,12-01-1981,2670.46
138,Crystal,Imesen,cimesen3t@about.com,Female,01-12-1994,5163.07
139,Brunhilde,Jeffcock,bjeffcock3u@google.nl,Female,28-03-1980,5568.03
140,Robers,Monery,rmonery3v@reddit.com,Genderfluid,28-05-1983,1916.26
141,Meade,Morten,mmorten3w@prlog.org,Female,03-06-1993,5639.74
142,Mord,Nunnerley,mnunnerley3x@tamu.edu,Male,13-07-1993,5919.56
143,Mercie,Brame,mbrame3y@wikispaces.com,Female,27-06-1966,1317.56
144,Perrine,Fowell,pfowell3z@amazonaws.com,Female,15-01-1980,4678.56
145,Irma,Henmarsh,ihenmarsh40@51.la,Female,20-04-1979,4809.95
146,Sansone,Goodyer,sgoodyer41@mit.edu,Male,25-04-1986,5090.84
147,Staford,Tutchener,stutchener42@unc.edu,Male,24-06-1978,1349.6
148,Wallace,Jehan,wjehan43@dion.ne.jp,Male,20-12-1996,5247.32
149,Alfy,Garnar,agarnar44@edublogs.org,Male,25-01-1968,1347.93
150,Herculie,Peele,hpeele45@etsy.com,Male,19-09-1980,2335.92
151,Kaja,Fullstone,kfullstone46@hhs.gov,Female,02-08-1961,1045.55
152,Sibylla,Fearnill,sfearnill47@histats.com,Female,31-07-1996,4889.9
153,Sumner,Nice,snice48@yellowbook.com,Male,27-02-1976,1908.56
154,Vincenz,Briggs,vbriggs49@technorati.com,Male,07-10-1988,2426.55
155,Brandise,Stuffins,bstuffins4a@ihg.com,Female,29-09-1989,1868.54
156,Friedrich,Hamly,fhamly4b@reuters.com,Male,07-09-1998,4995.01
157,Orton,Soars,osoars4c@sphinn.com,Male,03-04-1971,2545.65
158,Tim,Muggach,tmuggach4d@drupal.org,Male,29-08-1974,3247.15
159,Xenos,Dreinan,xdreinan4e@addthis.com,Male,03-10-1987,3081.71
160,Lyn,Ivanin,livanin4f@army.mil,Female,18-10-1980,3236.29
161,Christin,McGeorge,cmcgeorge4g@bbc.co.uk,Female,04-12-1980,2228.87
162,Sybyl,Stubley,sstubley4h@artisteer.com,Female,22-07-1985,2665.21
163,Farly,Cullivan,fcullivan4i@zimbio.com,Male,06-12-1978,3202.04
164,Trixy,Tipping,ttipping4j@live.com,Female,10-01-1980,5016.88
165,Shana,Fromont,sfromont4k@nbcnews.com,Non-binary,27-09-1965,1114.3
166,Freida,Tunnick,ftunnick4l@google.cn,Bigender,18-09-1973,3525.83
167,Giffard,Ciobotaru,gciobotaru4m@behance.net,Male,16-12-1963,1526.73
168,Crista,Witcher,cwitcher4n@google.cn,Female,19-01-1967,4922.76
169,Cathe,Strongman,cstrongman4o@yolasite.com,Female,12-03-1961,2066.57
170,Netti,Fright,nfright4p@diigo.com,Female,23-02-1967,4672.67
171,Lorrayne,Mantrip,lmantrip4q@europa.eu,Bigender,27-07-2000,3018.43
172,Craggie,Flatley,cflatley4r@gravatar.com,Male,26-12-1984,4750.86
173,Fabe,Padson,fpadson4s@cnn.com,Male,11-04-1995,3783.18
174,Claus,January 1st,cjanuaryst4t@uol.com.br,Male,17-10-1985,3670.72
175,Hally,Yare,hyare4u@pcworld.com,Female,23-12-1964,1178.43
176,Mill,Murdie,mmurdie4v@ox.ac.uk,Male,23-09-1999,2600.91
177,Barnett,Diment,bdiment4w@fc2.com,Male,24-09-1976,4336.42
178,Niles,O'Grogane,nogrogane4x@live.com,Male,04-02-1996,4070.94
179,Chevy,Taber,ctaber4y@engadget.com,Male,06-03-1996,5009.85
180,Isaak,Meigh,imeigh4z@constantcontact.com,Male,19-06-1961,5764.61
181,Kenon,Salvidge,ksalvidge50@wisc.edu,Male,14-01-1994,4179.95
182,Floria,Labuschagne,flabuschagne51@technorati.com,Female,04-06-1988,3032.19
183,Lek,Rennels,lrennels52@fda.gov,Male,12-12-1974,5875.25
184,Edward,Isakov,eisakov53@istockphoto.com,Male,09-11-1997,2763.5
185,Ivette,Rembrandt,irembrandt54@seattletimes.com,Female,08-12-1977,3597.43
186,Thornton,Aps,taps55@intel.com,Male,15-09-1969,1485.39
187,Emory,Pavie,epavie56@eepurl.com,Polygender,06-06-1980,4786.43
188,Ignazio,Brockington,ibrockington57@a8.net,Male,05-03-1975,1547.61
189,Gerrie,Airdrie,gairdrie58@mapy.cz,Male,18-04-1976,1316.17
190,Franchot,Ick,fick59@yellowpages.com,Male,16-01-1994,3997.38
191,Nerte,Scoone,nscoone5a@wikipedia.org,Genderfluid,29-03-1998,5247.02
192,Alix,Woodward,awoodward5b@blinklist.com,Male,29-03-1983,3361.25
193,Inger,Dondon,idondon5c@sphinn.com,Genderqueer,20-12-1961,3733.85
194,Myranda,Parnham,mparnham5d@soundcloud.com,Female,15-09-1992,4434.82
195,Bealle,Grigaut,bgrigaut5e@businessweek.com,Male,06-04-1992,5930.31
196,Sully,Warburton,swarburton5f@unc.edu,Male,02-10-1998,5551.89
197,Sadie,Froud,sfroud5g@google.com.au,Female,12-10-1982,2703.32
198,Sharon,Weth,sweth5h@yandex.ru,Female,05-01-1987,5100.69
199,Marlie,Levy,mlevy5i@hhs.gov,Female,18-06-1991,3754.98
200,Alta,Winram,awinram5j@facebook.com,Female,06-03-1961,1491.92
201,Padraig,Charker,pcharker5k@deliciousdays.com,Male,28-01-1995,2799.65
202,Debora,Doers,ddoers5l@bandcamp.com,Female,18-07-1971,5693.33
203,Petronella,Springthorp,pspringthorp5m@ow.ly,Genderfluid,21-05-1960,1370.41
204,Andy,Paskins,apaskins5n@opera.com,Female,01-03-1969,4314.7
205,Fidelio,Swaffer,fswaffer5o@clickbank.net,Male,25-09-1965,4530.67
206,Lotty,Ferns,lferns5p@google.com.hk,Female,29-11-1994,4032.56
207,Margaret,Yurkevich,myurkevich5q@smh.com.au,Female,05-12-1996,4009.75
208,Nikolos,Stoate,nstoate5r@diigo.com,Male,06-08-1971,4128.07
209,Base,Kluger,bkluger5s@mayoclinic.com,Male,13-02-1976,5567.03
210,Michelina,Saintpierre,msaintpierre5t@ask.com,Female,26-12-1987,5704.0
211,Lucho,Kohneke,lkohneke5u@buzzfeed.com,Male,14-06-1971,3356.42
212,Stepha,Clemetts,sclemetts5v@tuttocitta.it,Female,03-11-1982,3149.15
213,Farley,Gellately,fgellately5w@zimbio.com,Male,06-04-1980,1628.8
214,Inez,Danne,idanne5x@ow.ly,Agender,07-06-1990,2492.08
215,Oliver,Diffley,odiffley5y@angelfire.com,Male,01-02-1991,4008.99
216,Megen,Fowden,mfowden5z@flavors.me,Female,19-11-1996,3158.33
217,Caryl,MacGinney,cmacginney60@adobe.com,Female,08-05-1997,4183.18
218,Spenser,Ough,sough61@hexun.com,Male,05-07-1978,3545.45
219,Shirlee,Tyce,styce62@about.com,Female,13-07-1973,3443.03
220,Raine,Brasseur,rbrasseur63@geocities.com,Female,17-12-1996,2820.48
221,Carey,Illing,cilling64@berkeley.edu,Male,15-01-1989,4866.84
222,Waldon,Lambertz,wlambertz65@cornell.edu,Male,20-09-1960,1991.57
223,Keen,Waddingham,kwaddingham66@vkontakte.ru,Male,19-07-1990,4271.1
224,Karoly,Stitson,kstitson67@shutterfly.com,Male,03-07-1985,3447.42
225,Dexter,O'Duggan,doduggan68@ftc.gov,Male,13-04-1967,3883.3
226,Adriaens,Sloper,asloper69@hhs.gov,Female,07-03-1989,4940.28
227,Robbin,Malkie,rmalkie6a@cdbaby.com,Female,06-03-1972,5810.61
228,Nataline,Fliege,nfliege6b@statcounter.com,Female,25-11-1985,3884.42
229,Darell,Schout,dschout6c@about.com,Female,19-10-1965,4253.79
230,Prudence,Pettingall,ppettingall6d@intel.com,Female,13-08-1969,4043.32
231,Dian,Wigginton,dwigginton6e@patch.com,Female,24-12-1993,1047.19
232,Zaneta,Fessby,zfessby6f@weebly.com,Female,25-12-1994,3567.36
233,Sanford,Manhood,smanhood6g@tmall.com,Male,24-10-1971,5446.41
234,Chloe,Issacov,cissacov6h@msu.edu,Female,18-08-1969,1149.54
235,Beatriz,Pegrum,bpegrum6i@sun.com,Female,01-09-1970,5349.2
236,Price,Stainer,pstainer6j@wisc.edu,Male,28-04-1978,2971.63
237,Eugen,Adkin,eadkin6k@tmall.com,Male,01-04-1997,4298.98
238,Lucy,Bartozzi,lbartozzi6l@craigslist.org,Female,18-12-1964,2688.93
239,Venus,Bradnam,vbradnam6m@mayoclinic.com,Female,13-09-1990,3778.99
240,Maurine,Spurriar,mspurriar6n@php.net,Female,06-04-1971,5027.81
241,Burk,Hetterich,bhetterich6o@cdc.gov,Male,04-11-1960,3019.35
242,Bambi,Banishevitz,bbanishevitz6p@boston.com,Female,15-11-1961,2883.85
243,Kelly,Mc Corley,kmccorley6q@kickstarter.com,Female,27-02-1997,1381.06
244,Peta,Bachura,pbachura6r@livejournal.com,Female,04-07-1977,5245.74
245,Piggy,Oene,poene6s@engadget.com,Male,28-02-1967,2555.27
246,Emelyne,Lincke,elincke6t@quantcast.com,Polygender,14-03-1970,1353.64
247,Beulah,Crosscombe,bcrosscombe6u@bizjournals.com,Female,14-03-1994,2436.1
248,Adelle,Tattoo,atattoo6v@deliciousdays.com,Female,15-04-1960,3409.25
249,Roseann,Truder,rtruder6w@slideshare.net,Female,06-09-1986,2354.54
250,Osborne,Wyatt,owyatt6x@thetimes.co.uk,Male,30-03-2000,2535.96
251,Heinrik,MacGorrie,hmacgorrie6y@wordpress.org,Male,08-10-1969,5583.2
252,Euell,Birkinshaw,ebirkinshaw6z@blinklist.com,Male,20-04-1999,2981.62
253,Kalila,Cammoile,kcammoile70@twitter.com,Female,29-12-1974,3748.37
254,Berty,Radbourn,bradbourn71@cdbaby.com,Male,15-09-1996,5244.12
255,Port,Khomin,pkhomin72@pcworld.com,Agender,24-08-1987,5181.79
256,Abram,Romke,aromke73@virginia.edu,Male,01-04-1997,2276.99
257,Tricia,Breache,tbreache74@imdb.com,Female,11-11-1994,4368.35
258,Lonna,Aust,laust75@amazonaws.com,Female,23-02-1989,3833.89
259,Germayne,McMinn,gmcminn76@nbcnews.com,Male,01-03-1967,2521.9
260,Abbie,Guillart,aguillart77@privacy.gov.au,Male,18-07-1995,4135.7
261,Ernie,Alleway,ealleway78@cloudflare.com,Male,21-11-1967,3628.04
262,Aubrey,O' Connell,aoconnell79@clickbank.net,Male,06-07-1973,4149.77
263,Casper,Nerney,cnerney7a@howstuffworks.com,Male,07-06-1992,3295.45
264,Greggory,Pentycross,gpentycross7b@techcrunch.com,Male,02-11-1970,1257.83
265,Kellie,O'Brian,kobrian7c@nifty.com,Female,15-08-1962,4472.0
266,Herman,Menier,hmenier7d@flavors.me,Polygender,16-08-1990,1045.89
267,Terrie,Growy,tgrowy7e@hao123.com,Female,30-11-1994,4753.38
268,Mendel,Sauvan,msauvan7f@weibo.com,Male,11-07-1965,5096.99
269,Martino,Salliss,msalliss7g@cisco.com,Genderfluid,04-04-1962,3010.63
270,Anselm,Brounsell,abrounsell7h@mozilla.com,Male,05-03-1963,3277.09
271,Daniele,McGettrick,dmcgettrick7i@weather.com,Female,25-12-1971,4742.21
272,Jenelle,Matitiaho,jmatitiaho7j@squarespace.com,Female,04-05-1987,3680.16
273,Abraham,Jachimak,ajachimak7k@sphinn.com,Male,28-09-1995,3244.22
274,Charlene,Syratt,csyratt7l@fotki.com,Female,18-04-1968,5259.91
275,Elbertine,Feavyour,efeavyour7m@nih.gov,Female,01-06-1974,4940.65
276,Wolfy,Buswell,wbuswell7n@furl.net,Male,31-05-1964,4038.1
277,Dolph,Cantua,dcantua7o@godaddy.com,Male,14-04-1969,2834.35
278,Selie,Vlasin,svlasin7p@t-online.de,Female,11-08-1983,2229.5
279,Yves,Veneur,yveneur7q@businessweek.com,Male,03-02-1970,4403.0
280,Bobby,Rissen,brissen7r@paginegialle.it,Male,22-06-1971,2765.32
281,Margo,Davern,mdavern7s@ning.com,Female,03-06-1992,3098.44
282,Even,Revens,erevens7t@bbb.org,Male,04-01-1981,5241.89
283,Ignacio,Sendall,isendall7u@symantec.com,Male,18-11-1987,1202.54
284,Hazlett,Filshin,hfilshin7v@xrea.com,Male,02-07-1964,3021.83
285,Adena,Iglesiaz,aiglesiaz7w@thetimes.co.uk,Female,11-12-1989,5803.46
286,Lorain,Southouse,lsouthouse7x@github.io,Female,29-11-1965,4577.81
287,Mano,Patershall,mpatershall7y@weebly.com,Male,30-05-1986,1433.5
288,Ly,Binley,lbinley7z@ow.ly,Male,17-09-1988,3488.35
289,Jeramey,Cuberley,jcuberley80@disqus.com,Male,05-10-1961,1312.24
290,Jackelyn,Gilyott,jgilyott81@tumblr.com,Female,06-10-1977,5048.92
291,Robby,Twitchings,rtwitchings82@nydailynews.com,Male,29-07-1992,5470.91
292,Rivalee,Borgesio,rborgesio83@hibu.com,Female,02-07-1978,4705.75
293,Baxter,Moody,bmoody84@ibm.com,Male,29-10-1964,2676.28
294,Vlad,Hamal,vhamal85@npr.org,Male,24-06-1971,1766.12
295,Marty,Tooting,mtooting86@ifeng.com,Male,14-03-1986,1888.87
296,Teddie,Towse,ttowse87@gmpg.org,Male,20-01-1985,1469.18
297,Klemens,Chapelhow,kchapelhow88@sun.com,Male,09-11-1974,3766.33
298,Frannie,Cowpe,fcowpe89@ed.gov,Genderfluid,24-04-1960,2780.75
299,Rozele,Milne,rmilne8a@rambler.ru,Female,01-04-1996,2936.41
300,Karel,Jablonski,kjablonski8b@ted.com,Male,23-11-1975,1814.77
301,Enrika,Farquhar,efarquhar8c@linkedin.com,Female,14-09-1961,5512.11
302,Pierson,Collumbine,pcollumbine8d@jimdo.com,Male,06-06-1981,2662.25
303,Calida,MacAfee,cmacafee8e@twitter.com,Female,14-11-1994,5793.33
304,Tatum,Earp,tearp8f@vinaora.com,Genderfluid,27-11-1968,4946.86
305,Waverley,Osborne,wosborne8g@patch.com,Male,20-09-1965,1835.89
306,Filippa,Blair,fblair8h@huffingtonpost.com,Female,12-05-1973,5292.29
307,Cristian,Parnell,cparnell8i@howstuffworks.com,Male,28-09-1970,2442.34
308,Petey,Piddocke,ppiddocke8j@list-manage.com,Male,21-12-1970,3820.12
309,Sandor,Wingeat,swingeat8k@jimdo.com,Male,01-05-1962,3027.2
310,Florri,Trosdall,ftrosdall8l@noaa.gov,Female,25-07-1977,2443.25
311,Bartram,McFayden,bmcfayden8m@scientificamerican.com,Genderfluid,22-06-1960,1242.89
312,Noak,Tonbye,ntonbye8n@google.fr,Male,03-03-1992,1782.54
313,Britte,Duddle,bduddle8o@webmd.com,Female,14-12-1986,5960.66
314,Carr,Saxelby,csaxelby8p@dyndns.org,Male,08-07-1986,3251.94
315,Hashim,Keunemann,hkeunemann8q@123-reg.co.uk,Male,17-05-1976,2480.24
316,Christina,Roskelley,croskelley8r@quantcast.com,Bigender,09-07-1962,4371.03
317,Gwyn,Kift,gkift8s@webeden.co.uk,Female,07-10-1999,1105.46
318,Emiline,Farnall,efarnall8t@cmu.edu,Female,27-01-1982,2370.75
319,Krystle,Ricoald,kricoald8u@cnbc.com,Female,11-04-1974,4733.55
320,Darline,Presslie,dpresslie8v@go.com,Female,29-01-2000,2899.51
321,Arthur,Chmarny,achmarny8w@bravesites.com,Male,15-03-1986,5955.14
322,Chic,Walduck,cwalduck8x@usgs.gov,Male,05-12-1978,4761.64
323,Philip,De Francesco,pdefrancesco8y@china.com.cn,Male,27-11-1977,5941.75
324,Muriel,Grass,mgrass8z@uiuc.edu,Female,19-05-1986,4596.88
325,Shaina,Huygens,shuygens90@newsvine.com,Female,17-11-1981,5047.06
326,Riobard,Woolfall,rwoolfall91@about.me,Male,17-03-1976,4988.88
327,Cornelius,Schutter,cschutter92@springer.com,Male,27-01-1980,1555.96
328,Simon,Butterworth,sbutterworth93@archive.org,Male,31-08-1961,3614.64
329,Clyde,Malinowski,cmalinowski94@cornell.edu,Male,12-08-1967,1854.97
330,Yance,Bielfeldt,ybielfeldt95@cam.ac.uk,Agender,12-08-1963,1285.44
331,Rudolf,Fillan,rfillan96@usda.gov,Male,25-07-1996,4965.08
332,Tirrell,Ferronier,tferronier97@paypal.com,Male,23-02-1992,1914.23
333,Olenolin,Crowdace,ocrowdace98@epa.gov,Male,03-07-1964,3891.72
334,Joana,Gudge,jgudge99@miibeian.gov.cn,Female,05-02-1960,2464.94
335,Lowrance,Quinlan,lquinlan9a@ustream.tv,Male,27-04-1974,2615.28
336,Jobye,Jenne,jjenne9b@usda.gov,Female,01-05-1977,1038.78
337,Glory,Sharrier,gsharrier9c@digg.com,Genderfluid,03-09-1986,2104.67
338,Locke,Minors,lminors9d@accuweather.com,Male,30-07-1966,4736.85
339,Frans,Elkin,felkin9e@wikipedia.org,Male,19-01-1970,3393.46
340,Marlowe,Tellesson,mtellesson9f@hugedomains.com,Male,02-12-2000,5592.12
341,Ardine,Nias,anias9g@hugedomains.com,Female,28-06-1971,4090.09
342,Tawsha,Wilfinger,twilfinger9h@ameblo.jp,Female,13-08-1978,2800.66
343,Hanan,Berth,hberth9i@rambler.ru,Male,21-10-1992,4955.71
344,Taylor,Bragg,tbragg9j@twitter.com,Male,24-12-1991,2315.56
345,Davina,Stoneley,dstoneley9k@europa.eu,Female,31-05-1989,3494.66
346,Corina,Klaggeman,cklaggeman9l@github.com,Female,31-10-1971,4735.9
347,Elonore,Womersley,ewomersley9m@mayoclinic.com,Female,23-03-1963,3144.83
348,Caesar,Mac,cmac9n@craigslist.org,Male,05-08-1964,4778.21
349,Enos,Shird,eshird9o@photobucket.com,Male,31-08-1972,3910.52
350,Frederico,Jovey,fjovey9p@sfgate.com,Male,02-10-1972,5294.77
351,Bride,Knuckles,bknuckles9q@discuz.net,Female,29-12-1976,5767.19
352,Svend,McNay,smcnay9r@eepurl.com,Male,05-02-1962,3433.82
353,Freedman,Peck,fpeck9s@bbb.org,Male,08-05-1988,2523.79
354,Zebedee,Radborne,zradborne9t@prnewswire.com,Male,24-06-1968,3883.7
355,Auguste,Brentnall,abrentnall9u@csmonitor.com,Female,12-11-1997,4197.12
356,Laurel,Witherby,lwitherby9v@icio.us,Female,29-08-1996,3896.98
357,Pierrette,Prudence,pprudence9w@oakley.com,Female,19-09-1995,2642.01
358,Cookie,Medford,cmedford9x@constantcontact.com,Female,02-10-1978,2018.62
359,Tracie,Gabbidon,tgabbidon9y@addthis.com,Male,05-04-1998,4033.46
360,Sofia,McQuillin,smcquillin9z@google.co.jp,Female,14-01-1979,4374.22
361,Guinevere,Peddersen,gpeddersena0@weebly.com,Female,25-12-1992,1755.7
362,Brendin,Godfroy,bgodfroya1@ovh.net,Male,24-10-1986,5467.66
363,Kerry,Albutt,kalbutta2@seattletimes.com,Male,24-03-2000,2192.08
364,Gianni,Maceur,gmaceura3@usa.gov,Male,19-06-1999,1003.4
365,Aldwin,Keets,akeetsa4@delicious.com,Male,24-06-1980,2578.18
366,Orson,Corwin,ocorwina5@diigo.com,Male,14-11-1982,2346.39
367,Dick,Boddie,dboddiea6@ted.com,Male,12-11-1984,1831.75
368,Kinsley,Savary,ksavarya7@bandcamp.com,Male,15-11-1967,3699.46
369,Sanders,Luis,sluisa8@istockphoto.com,Male,21-09-1961,4592.86
370,Ilka,Schustl,ischustla9@abc.net.au,Female,20-07-1999,4632.8
371,Randal,Screas,rscreasaa@reuters.com,Male,31-08-1985,4466.37
372,Danni,Leades,dleadesab@reverbnation.com,Female,01-09-1981,5510.66
373,Gav,Marryatt,gmarryattac@list-manage.com,Male,19-08-1963,4006.49
374,Timoteo,Retchless,tretchlessad@youku.com,Male,17-12-1999,1689.55
375,Karrie,Cotilard,kcotilardae@about.me,Female,03-11-1966,5378.48
376,Zsa zsa,Hinks,zhinksaf@a8.net,Bigender,26-05-1984,1745.5
377,Meggi,Moralis,mmoralisag@domainmarket.com,Female,22-09-1985,3505.84
378,Adrian,Boldero,abolderoah@seattletimes.com,Female,01-01-1974,2534.96
379,Devina,Thome,dthomeai@hhs.gov,Female,11-06-1990,5108.7
380,Cristina,Monery,cmoneryaj@studiopress.com,Agender,09-07-1999,2779.63
381,Conrade,Fryd,cfrydak@intel.com,Male,25-11-1969,4601.35
382,Lorettalorna,Satteford,lsattefordal@who.int,Female,08-06-1996,4486.96
383,Suzann,Brosel,sbroselam@bizjournals.com,Female,14-02-1989,1814.4
384,Brannon,Torrent,btorrentan@wsj.com,Male,11-02-1987,2483.42
385,Cammy,Giles,cgilesao@is.gd,Male,26-04-1990,1675.91
386,Richmond,Frenchum,rfrenchumap@microsoft.com,Male,26-11-1993,4727.85
387,Ame,Landsberg,alandsbergaq@free.fr,Female,28-03-1973,3714.35
388,Benita,De Hailes,bdehailesar@furl.net,Female,23-05-1969,2902.61
389,Isabel,Mapples,imapplesas@istockphoto.com,Female,24-08-1969,3840.74
390,Bessy,D'Antoni,bdantoniat@w3.org,Female,27-02-1982,3060.42
391,Karola,MacAndreis,kmacandreisau@angelfire.com,Female,22-01-1980,4479.8
392,Savina,Tamblyn,stamblynav@themeforest.net,Female,02-07-1981,4289.38
393,Lou,Inglefield,linglefieldaw@exblog.jp,Male,07-11-1984,2400.75
394,Neile,Zavittieri,nzavittieriax@fc2.com,Female,07-08-1972,4759.75
395,Sebastian,Denman,sdenmanay@reverbnation.com,Male,11-05-1963,2077.8
396,Deborah,Kleinhaut,dkleinhautaz@goo.gl,Female,01-02-1986,3034.82
397,Fanechka,D'Souza,fdsouzab0@wikispaces.com,Female,28-02-1961,1517.52
398,Taber,Ca,tcab1@cbc.ca,Male,17-02-1973,4729.13
399,Woodrow,Borles,wborlesb2@usatoday.com,Bigender,13-05-1983,4464.72
400,See,McRoberts,smcrobertsb3@ycombinator.com,Male,25-05-2000,3383.15
401,Lolly,Hailey,lhaileyb4@nature.com,Female,03-02-1976,2405.43
402,Hyacinthie,Glackin,hglackinb5@archive.org,Female,03-11-1987,4622.26
403,Ingemar,Vaggs,ivaggsb6@nifty.com,Genderfluid,23-01-1980,1248.29
404,Fred,Bill,fbillb7@hibu.com,Female,23-03-1980,2088.33
405,Alexandr,Buswell,abuswellb8@fema.gov,Male,09-04-1995,1173.06
406,Halsy,Durden,hdurdenb9@arizona.edu,Male,11-08-1963,5097.54
407,Cori,Messenger,cmessengerba@behance.net,Female,27-02-1971,2189.64
408,Loretta,Sneller,lsnellerbb@furl.net,Female,20-11-1966,3196.93
409,Olivero,Hagger,ohaggerbc@dyndns.org,Male,11-09-1977,2395.09
410,Farrell,McGrill,fmcgrillbd@webeden.co.uk,Male,30-12-1994,5724.67
411,Ulrick,O'Kieran,uokieranbe@geocities.com,Male,26-08-1968,2117.19
412,Wilone,De Bell,wdebellbf@nymag.com,Female,04-10-1998,1002.02
413,Purcell,Ghioni,pghionibg@oracle.com,Male,22-05-1977,2097.92
414,Sandie,Brimm,sbrimmbh@wufoo.com,Female,10-12-1978,3788.78
415,Viviene,Rowan,vrowanbi@omniture.com,Female,25-11-1971,5621.78
416,Hercules,Khristyukhin,hkhristyukhinbj@webmd.com,Male,12-02-1966,2031.47
417,Marjy,Standbrook,mstandbrookbk@feedburner.com,Female,25-08-1964,5443.69
418,Francois,Durden,fdurdenbl@surveymonkey.com,Male,27-05-1998,5248.93
419,Slade,Sargent,ssargentbm@cnbc.com,Male,13-12-1991,5813.49
420,Timofei,Kaines,tkainesbn@blogger.com,Male,05-01-1982,4128.5
421,Graehme,Gilffillan,ggilffillanbo@360.cn,Male,05-07-1981,4781.37
422,Quillan,Daye,qdayebp@mtv.com,Agender,04-01-1978,1754.55
423,Shandra,Franies,sfraniesbq@cbc.ca,Female,08-03-1962,5736.15
424,Tomas,Twinterman,ttwintermanbr@dion.ne.jp,Male,25-08-1975,5652.29
425,Casper,O'Hickey,cohickeybs@purevolume.com,Male,26-06-1995,5518.7
426,Willem,Drohun,wdrohunbt@rediff.com,Male,14-01-1962,2318.51
427,Lydie,Pickerin,lpickerinbu@surveymonkey.com,Female,24-03-1995,4426.72
428,Kalli,Sherry,ksherrybv@networksolutions.com,Female,23-10-1985,1432.37
429,Dino,Heddon,dheddonbw@cdbaby.com,Male,26-11-1966,2513.77
430,Cyril,Antoniottii,cantoniottiibx@live.com,Male,01-09-1971,1434.63
431,Marcellus,Zoppo,mzoppoby@umich.edu,Male,21-04-1995,3706.69
432,Tootsie,Gabbot,tgabbotbz@senate.gov,Female,12-09-1982,4205.53
433,Ferdie,Wipper,fwipperc0@cafepress.com,Male,11-10-1979,5778.16
434,Lulita,O'Shiels,loshielsc1@amazonaws.com,Female,22-05-1973,1003.81
435,Lezley,Coxwell,lcoxwellc2@wufoo.com,Male,05-07-1993,5793.35
436,Audy,Scirman,ascirmanc3@cloudflare.com,Agender,26-05-1980,4406.56
437,Terrye,Chatan,tchatanc4@ca.gov,Female,03-04-1988,2493.13
438,Neale,Barbera,nbarberac5@nba.com,Male,19-02-1982,4313.78
439,Tomas,Hews,thewsc6@state.tx.us,Male,15-03-1988,2013.85
440,Jasper,De La Coste,jdelacostec7@java.com,Male,26-07-1998,5334.54
441,Reinold,McGragh,rmcgraghc8@soup.io,Male,26-01-1961,5890.76
442,Annelise,Jirasek,ajirasekc9@yale.edu,Female,06-10-1996,1908.16
443,Morganica,Atkyns,matkynsca@bloomberg.com,Female,11-02-1981,3933.49
444,Anya,Jako,ajakocb@squarespace.com,Bigender,20-02-1994,4356.74
445,Jobie,Bloyes,jbloyescc@netscape.com,Female,09-07-1989,4019.65
446,Donica,Test,dtestcd@cdc.gov,Female,08-01-1998,5101.88
447,Sigismund,Brainsby,sbrainsbyce@smugmug.com,Male,01-10-1995,4840.39
448,Alain,Warby,awarbycf@reference.com,Male,05-08-1995,4646.16
449,Dimitri,Goundrill,dgoundrillcg@cpanel.net,Male,20-07-1970,5874.94
450,Berkly,Kassman,bkassmanch@infoseek.co.jp,Male,02-11-1966,1537.43
451,Teena,Giacubbo,tgiacubboci@livejournal.com,Female,18-12-1987,4575.92
452,Demott,Puckett,dpuckettcj@wunderground.com,Male,24-07-1966,3907.96
453,Sigfried,Temperley,stemperleyck@bigcartel.com,Bigender,07-03-1990,1273.27
454,Doralynn,Burnhard,dburnhardcl@wsj.com,Female,11-10-1964,1370.69
455,Cody,Dorey,cdoreycm@goo.ne.jp,Female,17-09-1978,2640.74
456,Karena,Vick,kvickcn@cnet.com,Female,16-08-1978,2242.2
457,Abbot,Bagniuk,abagniukco@cargocollective.com,Male,04-06-1982,3513.59
458,Craggy,McComiskey,cmccomiskeycp@springer.com,Male,02-02-1967,2254.69
459,Valentin,Aleksandrov,valeksandrovcq@adobe.com,Male,09-10-1981,3294.56
460,Ramsey,Vasenkov,rvasenkovcr@studiopress.com,Male,19-01-1994,2503.24
461,Cthrine,Thewys,cthewyscs@symantec.com,Female,19-04-1979,1988.24
462,Alix,Layborn,alaybornct@diigo.com,Polygender,28-09-1997,3686.45
463,Nikita,Poulett,npoulettcu@fc2.com,Male,06-08-1974,4403.65
464,Nathanil,Simonds,nsimondscv@diigo.com,Male,31-08-1963,5851.96
465,Glennis,Garretson,ggarretsoncw@pcworld.com,Female,24-12-1964,3068.77
466,Loy,Itskovitz,litskovitzcx@goo.gl,Male,22-01-1978,4210.31
467,Rachele,Selbie,rselbiecy@huffingtonpost.com,Genderqueer,20-02-1997,3845.89
468,Lewes,Kettlesting,lkettlestingcz@slideshare.net,Male,13-07-1971,2193.15
469,Phelia,Anthoine,panthoined0@unicef.org,Female,19-11-1981,1463.57
470,Krishna,O'Currigan,kocurrigand1@stanford.edu,Male,10-05-1970,1967.55
471,Marsiella,Borghese,mborghesed2@wikispaces.com,Female,22-07-1967,3348.57
472,Eddie,Passo,epassod3@bloomberg.com,Genderfluid,21-02-1991,2056.75
473,Cyndie,Cleaves,ccleavesd4@bigcartel.com,Female,15-01-1964,2359.88
474,Megan,Glasscott,mglasscottd5@skyrock.com,Female,20-02-1970,4558.26
475,Hatti,McLeman,hmclemand6@booking.com,Female,04-12-1998,4669.94
476,Patti,Baskeyfied,pbaskeyfiedd7@networksolutions.com,Female,17-04-1985,2942.69
477,Mohandas,Gencke,mgencked8@hostgator.com,Male,20-01-1968,4642.99
478,Alyda,Boynes,aboynesd9@patch.com,Female,29-06-1990,2977.53
479,Giustina,Pettegree,gpettegreeda@huffingtonpost.com,Female,17-12-1977,2473.55
480,Melita,Naper,mnaperdb@pen.io,Female,23-03-1981,4079.14
481,Hillie,Yanele,hyaneledc@sogou.com,Male,05-02-1991,2503.29
482,Curran,Aliman,calimandd@marriott.com,Male,15-03-1983,3428.71
483,Tandi,Caldeiro,tcaldeirode@plala.or.jp,Female,07-06-1984,2009.37
484,Alfonse,Maddy,amaddydf@hhs.gov,Male,04-06-1977,3310.53
485,Ami,Danielsson,adanielssondg@merriam-webster.com,Genderqueer,06-12-1967,4138.13
486,Dorie,Stooders,dstoodersdh@digg.com,Bigender,31-10-1979,1937.53
487,Janenna,O'Hartigan,johartigandi@last.fm,Female,10-04-1999,5498.6
488,Forester,Bony,fbonydj@skype.com,Male,22-06-1983,1861.99
489,Issie,Bowick,ibowickdk@webnode.com,Female,23-03-1976,5932.05
490,Renaud,Pinwill,rpinwilldl@slate.com,Male,07-05-2000,2861.87
491,Launce,McLeod,lmcleoddm@stumbleupon.com,Male,02-05-1979,4253.42
492,Catherine,Quaintance,cquaintancedn@telegraph.co.uk,Female,13-08-1971,5221.11
493,Garvin,Veldstra,gveldstrado@msu.edu,Male,10-04-1982,3338.13
494,Marlo,Aberkirder,maberkirderdp@mac.com,Male,18-11-1974,1130.29
495,Jordan,Wyllt,jwylltdq@amazon.co.jp,Male,09-05-1976,2621.85
496,Tulley,Faulconbridge,tfaulconbridgedr@google.com,Male,08-05-1992,1698.87
497,Bianka,Giacopetti,bgiacopettids@cocolog-nifty.com,Female,09-12-1999,2108.67
498,Mackenzie,Brotherick,mbrotherickdt@t.co,Male,11-07-1987,3034.08
499,Franklin,Awin,fawindu@statcounter.com,Male,27-12-1983,3317.13
500,Omero,Grzelczyk,ogrzelczykdv@artisteer.com,Male,14-10-1993,3713.86
501,Demetri,Moraleda,dmoraledadw@blogger.com,Male,27-02-1995,4978.98
502,Eydie,Melson,emelsondx@arstechnica.com,Female,25-09-1985,4106.03
503,Pooh,Harbertson,pharbertsondy@stumbleupon.com,Non-binary,24-06-1974,1061.66
504,Abner,Cobain,acobaindz@tiny.cc,Male,07-05-1988,5094.08
505,Sandro,Coventry,scoventrye0@mac.com,Male,07-06-1966,5837.48
506,Eadith,Serle,eserlee1@indiegogo.com,Female,11-11-2000,5163.57
507,Chery,Musson,cmussone2@artisteer.com,Female,07-08-1994,3420.64
508,Gabbi,Coates,gcoatese3@netvibes.com,Female,20-02-1981,4459.65
509,Josephine,Brixey,jbrixeye4@edublogs.org,Female,05-01-1965,5007.31
510,Tybie,McGeraghty,tmcgeraghtye5@rakuten.co.jp,Female,12-10-1996,4255.32
511,Marena,Pirdy,mpirdye6@phpbb.com,Female,20-04-1996,3920.1
512,Carolynn,Dulake,cdulakee7@t-online.de,Female,13-03-1963,4853.73
513,Julienne,Hows,jhowse8@feedburner.com,Female,20-06-1968,2477.4
514,Kaycee,Probbing,kprobbinge9@cnbc.com,Female,27-10-1986,2800.93
515,Vale,Solan,vsolanea@cocolog-nifty.com,Female,30-08-1969,4502.45
516,Joye,McNee,jmcneeeb@people.com.cn,Female,25-12-1972,4307.41
517,Billie,Gerleit,bgerleitec@fc2.com,Male,26-09-1997,5067.17
518,Jerrylee,Issacov,jissacoved@sourceforge.net,Female,16-08-1969,3573.45
519,Sissie,Colly,scollyee@jimdo.com,Female,15-05-1997,1051.34
520,Justino,Westmerland,jwestmerlandef@ask.com,Male,10-10-1982,5622.64
521,Ericha,Childs,echildseg@pen.io,Female,12-04-1997,4682.84
522,Gothart,Bassham,gbasshameh@nasa.gov,Male,22-12-1963,1421.44
523,Kirby,McKirdy,kmckirdyei@myspace.com,Male,07-03-1968,3118.27
524,Ede,Albutt,ealbuttej@who.int,Female,02-12-1960,5926.66
525,Stacy,Giacomuzzi,sgiacomuzziek@rambler.ru,Polygender,22-01-1985,3203.54
526,D'arcy,Ovett,dovettel@va.gov,Male,24-12-1991,4662.12
527,Suzanna,Ottam,sottamem@howstuffworks.com,Agender,08-07-1960,1990.04
528,Elvis,Sporgeon,esporgeonen@zdnet.com,Male,16-08-1970,1842.92
529,Symon,Masic,smasiceo@trellian.com,Male,05-01-1973,4662.33
530,Melitta,Beevis,mbeevisep@tinyurl.com,Female,25-09-1992,3185.01
531,Lexine,Skerm,lskermeq@multiply.com,Female,18-08-1961,4264.51
532,Winny,Prestage,wprestageer@vinaora.com,Male,19-06-1968,4051.13
533,Lenora,Jose,ljosees@prnewswire.com,Female,14-10-1991,3300.63
534,Quintus,Licciardo,qlicciardoet@istockphoto.com,Male,06-03-1965,1964.29
535,Murvyn,Dow,mdoweu@salon.com,Male,13-01-1965,4852.35
536,Asa,Jaegar,ajaegarev@bloglines.com,Non-binary,01-01-1962,1353.55
537,Kizzie,Janman,kjanmanew@sohu.com,Female,04-05-1979,3918.32
538,Roselle,Kremer,rkremerex@google.co.jp,Female,27-08-1965,3209.49
539,Dorris,Allbut,dallbutey@webmd.com,Female,17-03-1974,5793.73
540,Ky,O'Corrigane,kocorriganeez@columbia.edu,Genderqueer,25-07-1960,2071.36
541,Willis,Churchin,wchurchinf0@weibo.com,Male,30-06-1982,4384.66
542,Yancy,Rumford,yrumfordf1@google.cn,Male,15-01-1979,5065.53
543,Cazzie,Scutching,cscutchingf2@toplist.cz,Male,16-09-1999,3394.87
544,Sally,Pezey,spezeyf3@woothemes.com,Genderfluid,08-09-1991,2763.99
545,Davidson,Dudeney,ddudeneyf4@seesaa.net,Male,25-02-1991,2248.54
546,Zorina,Elph,zelphf5@globo.com,Female,11-04-1984,5588.21
547,Dorolice,Kinchley,dkinchleyf6@canalblog.com,Female,09-04-1965,3579.39
548,Guglielma,Cristofor,gcristoforf7@cnn.com,Female,14-01-1983,3298.74
549,Hewitt,Wildber,hwildberf8@soup.io,Male,08-04-1990,4472.78
550,Augusto,Robard,arobardf9@sfgate.com,Polygender,18-07-1966,1501.29
551,Benetta,Tuting,btutingfa@dmoz.org,Female,01-09-1992,4928.14
552,Bear,O' Shea,bosheafb@tmall.com,Male,03-01-1993,4706.9
553,Butch,Chavrin,bchavrinfc@wordpress.org,Male,15-06-1977,1346.42
554,Meade,Bader,mbaderfd@rambler.ru,Female,08-07-1995,3751.25
555,Trina,Loomis,tloomisfe@google.ca,Female,16-05-1961,1031.87
556,Pamella,Pelz,ppelzff@odnoklassniki.ru,Polygender,23-01-1990,1349.88
557,Stillmann,Tuftin,stuftinfg@wunderground.com,Male,15-01-1974,3113.26
558,Rudiger,Blackstock,rblackstockfh@state.tx.us,Male,14-10-1986,3252.55
559,Jake,Yitshak,jyitshakfi@europa.eu,Male,31-05-1971,5251.32
560,Vin,Mougenel,vmougenelfj@desdev.cn,Male,05-04-1965,1306.03
561,Gage,Hehir,ghehirfk@ftc.gov,Genderfluid,28-09-1999,4510.21
562,Cora,Darco,cdarcofl@bizjournals.com,Female,16-03-1987,4374.71
563,Jaquelyn,Powder,jpowderfm@dedecms.com,Female,01-01-1961,4899.5
564,Donnie,Winter,dwinterfn@home.pl,Female,01-04-1980,4050.62
565,Farrel,Bernadon,fbernadonfo@cocolog-nifty.com,Male,02-10-1982,4493.54
566,Shalom,Angeli,sangelifp@google.pl,Male,09-11-1988,1981.08
567,Bev,Sunner,bsunnerfq@biblegateway.com,Male,30-11-1967,3532.22
568,Essa,Mycock,emycockfr@washington.edu,Female,18-07-1989,4722.31
569,Vernen,Hanner,vhannerfs@1688.com,Male,16-07-1969,2439.33
570,Culley,Andreolli,candreollift@amazon.com,Male,15-12-1987,5508.04
571,Carce,Madner,cmadnerfu@deliciousdays.com,Male,22-10-1990,2944.63
572,Forester,Carse,fcarsefv@cisco.com,Male,24-12-1983,3912.2
573,Aurthur,Gollard,agollardfw@google.ru,Male,04-08-1998,2461.27
574,Merrill,Hoggan,mhogganfx@google.com,Female,17-08-1999,1819.58
575,Marieann,Slocombe,mslocombefy@ow.ly,Female,29-03-1968,3886.85
576,Menard,Pinniger,mpinnigerfz@wunderground.com,Male,16-03-1988,1297.92
577,Jereme,Cleeve,jcleeveg0@netvibes.com,Male,06-04-1962,5176.14
578,Johny,Karppi,jkarppig1@imgur.com,Male,19-08-1982,2839.63
579,Odelle,Igonet,oigonetg2@de.vu,Female,21-10-1986,5904.12
580,Mella,McGraith,mmcgraithg3@spotify.com,Female,09-02-1964,2324.8
581,Paolina,Delaprelle,pdelaprelleg4@gnu.org,Female,30-12-1988,1416.64
582,Evvy,Micklewicz,emicklewiczg5@sun.com,Female,13-04-1962,1449.14
583,Babbie,Somers,bsomersg6@si.edu,Female,14-12-1977,3990.94
584,Rosella,Hymer,rhymerg7@gov.uk,Female,18-09-1973,5787.71
585,Skyler,Davitashvili,sdavitashvilig8@artisteer.com,Male,04-08-1989,2458.39
586,Sascha,Kennally,skennallyg9@dedecms.com,Female,28-02-1964,4184.56
587,Irwinn,Longland,ilonglandga@google.com.hk,Polygender,13-09-1995,5687.4
588,Pippy,Crumly,pcrumlygb@timesonline.co.uk,Female,02-09-1981,5913.1
589,Ana,Dicks,adicksgc@imgur.com,Female,28-09-1985,2196.17
590,Evie,Risborough,erisboroughgd@opera.com,Genderqueer,06-11-1982,3500.34
591,Magda,MacIntyre,mmacintyrege@archive.org,Female,01-03-1984,1032.02
592,Ad,Hatfull,ahatfullgf@census.gov,Male,02-04-1966,1156.2
593,Wilhelm,Martino,wmartinogg@weibo.com,Male,18-10-1974,2578.01
594,Myrna,Shermar,mshermargh@artisteer.com,Female,18-04-1996,5264.78
595,Silvie,Hagyard,shagyardgi@hc360.com,Female,12-03-1964,3112.33
596,Elijah,de Bullion,edebulliongj@stanford.edu,Male,27-11-1982,3399.03
597,Haydon,Smales,hsmalesgk@blogspot.com,Male,05-02-1988,5380.83
598,Liam,Olyfat,lolyfatgl@dedecms.com,Male,20-06-1989,2776.31
599,Dayle,Pesticcio,dpesticciogm@auda.org.au,Female,26-01-2000,1934.54
600,Maegan,Kleynermans,mkleynermansgn@whitehouse.gov,Female,18-06-1993,1489.25
601,Kally,Smythin,ksmythingo@reddit.com,Female,28-02-1984,3809.71
602,Grantham,Newell,gnewellgp@google.pl,Male,19-09-1987,2341.4
603,Demetrius,Brunsden,dbrunsdengq@mac.com,Male,19-03-1966,2613.64
604,Nadeen,Hellmer,nhellmergr@aboutads.info,Female,04-06-1960,1773.1
605,Tyrone,Titlow,ttitlowgs@photobucket.com,Male,05-08-1987,4267.18
606,Brantley,Stabler,bstablergt@lulu.com,Male,12-04-1974,5313.56
607,Danyette,Clemes,dclemesgu@ucoz.ru,Female,25-09-1996,4623.05
608,Audie,Gertz,agertzgv@about.me,Female,14-05-1978,2966.58
609,Trace,Artist,tartistgw@cmu.edu,Male,10-01-1994,5597.83
610,Carlin,Morefield,cmorefieldgx@linkedin.com,Polygender,01-06-1978,1813.13
611,Gwen,Ebbins,gebbinsgy@t-online.de,Female,22-06-1980,4578.34
612,Ricky,Butterwick,rbutterwickgz@house.gov,Female,13-10-1961,1978.78
613,Arri,Causon,acausonh0@constantcontact.com,Male,24-12-1996,5080.66
614,Chicky,Winchcombe,cwinchcombeh1@cocolog-nifty.com,Female,22-03-1975,2178.96
615,Marcella,Franzman,mfranzmanh2@eventbrite.com,Female,26-04-1990,1291.47
616,Elsbeth,Beardsdale,ebeardsdaleh3@cisco.com,Female,02-01-1997,2974.42
617,Georgine,Hevner,ghevnerh4@cnet.com,Female,22-12-1990,4850.81
618,Bent,Zisneros,bzisnerosh5@sciencedirect.com,Bigender,28-01-1993,2606.03
619,Drusi,Stockman,dstockmanh6@deliciousdays.com,Female,25-07-1989,1014.51
620,Karalee,Salmen,ksalmenh7@chronoengine.com,Polygender,24-04-1981,1430.1
621,Etheline,Richemond,erichemondh8@hibu.com,Female,14-04-1989,2857.13
622,Melisse,Kemmey,mkemmeyh9@tumblr.com,Female,17-09-1995,1865.69
623,Patrizio,Spatari,pspatariha@wisc.edu,Male,19-08-1963,5888.51
624,Morna,Rames,mrameshb@oakley.com,Female,03-12-1989,2823.56
625,Jack,Cruikshanks,jcruikshankshc@acquirethisname.com,Male,23-02-1999,3487.69
626,Cletis,Redpath,credpathhd@ca.gov,Male,31-08-1973,3501.58
627,Berke,Shearer,bshearerhe@fda.gov,Male,09-11-1988,5109.7
628,Joletta,Myderscough,jmyderscoughhf@etsy.com,Female,25-02-1966,3636.73
629,Pammie,Lathy,plathyhg@google.it,Polygender,04-04-1961,2354.4
630,Ber,Furmagier,bfurmagierhh@mac.com,Male,28-05-1986,1971.57
631,Ancell,Dimitresco,adimitrescohi@google.com,Male,03-01-1984,2352.52
632,Claire,Brownsea,cbrownseahj@shutterfly.com,Female,28-05-1987,5227.82
633,Georgianna,Kerfut,gkerfuthk@msn.com,Female,22-07-1971,3550.94
634,Ronnie,Caldow,rcaldowhl@aboutads.info,Male,03-07-1965,4584.62
635,Glori,Shawcroft,gshawcrofthm@uol.com.br,Female,28-02-1990,4814.94
636,Andriana,Callendar,acallendarhn@umich.edu,Agender,17-08-1961,5501.19
637,Phaidra,Duffy,pduffyho@answers.com,Female,08-11-1977,3573.36
638,Yolanthe,Robertucci,yrobertuccihp@yahoo.com,Female,04-07-1969,3012.84
639,Roi,MacTimpany,rmactimpanyhq@gnu.org,Male,18-12-1997,1358.89
640,Jaime,Matusov,jmatusovhr@unicef.org,Male,21-07-1962,1947.04
641,Rosamond,Spaxman,rspaxmanhs@google.de,Female,29-12-1977,3182.58
642,Holly,Hasling,hhaslinght@who.int,Male,15-08-1993,2175.08
643,Elberta,Ech,eechhu@mlb.com,Female,21-02-1981,2970.84
644,Bendicty,Woodyer,bwoodyerhv@bloglines.com,Male,18-07-1976,5139.47
645,Nevil,Archley,narchleyhw@devhub.com,Male,19-02-1995,1709.07
646,Chrisy,Rosenfelder,crosenfelderhx@163.com,Male,22-09-1976,4776.79
647,Ludwig,Levick,llevickhy@army.mil,Male,28-12-1999,5323.84
648,Alastair,Maybey,amaybeyhz@tripadvisor.com,Male,16-06-1970,1578.55
649,Bucky,Vakhrushin,bvakhrushini0@wix.com,Male,01-06-1969,1521.04
650,Wilie,McGilmartin,wmcgilmartini1@list-manage.com,Female,05-02-1983,5266.84
651,Rozina,McIlheran,rmcilherani2@unesco.org,Female,15-12-1979,2724.25
652,Ermanno,Brocking,ebrockingi3@nifty.com,Male,25-01-1976,1079.28
653,Aeriel,Elleyne,aelleynei4@slideshare.net,Female,07-10-1961,1564.24
654,Augustine,Bridat,abridati5@earthlink.net,Male,12-07-1971,5002.56
655,Neille,Parradye,nparradyei6@usda.gov,Female,20-06-1964,5747.45
656,Earvin,Soars,esoarsi7@unicef.org,Male,25-06-1995,3301.73
657,Korey,Brothers,kbrothersi8@army.mil,Male,12-12-1985,4721.08
658,Adair,Cranson,acransoni9@princeton.edu,Male,28-04-1980,1920.6
659,Arch,Saberton,asabertonia@ucsd.edu,Male,19-05-1988,2428.12
660,Peirce,Bartkiewicz,pbartkiewiczib@github.com,Male,14-11-1970,5116.89
661,Brok,Purkins,bpurkinsic@wisc.edu,Male,22-04-1976,1488.84
662,Nora,Verick,nverickid@flickr.com,Female,31-01-1963,5617.01
663,Bondie,Omand,bomandie@skyrock.com,Male,12-07-1975,2946.66
664,Renie,Lambart,rlambartif@photobucket.com,Female,13-02-1998,1194.88
665,Aloysius,Chapell,achapellig@facebook.com,Male,29-09-1995,5594.77
666,Bel,Dupree,bdupreeih@pen.io,Female,26-02-1960,3158.12
667,Irina,Tomaskunas,itomaskunasii@booking.com,Female,29-04-1984,5917.31
668,Salomi,Nancekivell,snancekivellij@lycos.com,Female,29-10-1976,3549.24
669,Tynan,Dyneley,tdyneleyik@mit.edu,Male,24-11-1966,3518.26
670,Cathie,Ritch,critchil@twitter.com,Female,27-03-1977,2214.64
671,Levy,O'Crevan,locrevanim@sina.com.cn,Male,07-04-1974,1482.46
672,Ram,Warrier,rwarrierin@toplist.cz,Male,01-04-1996,4017.44
673,Kizzee,Guynemer,kguynemerio@huffingtonpost.com,Female,02-02-1991,1786.86
674,Rosabel,Izhak,rizhakip@vkontakte.ru,Female,24-04-1990,4975.5
675,Adham,Grove,agroveiq@t.co,Male,15-11-1971,3520.49
676,Valenka,Schruur,vschruurir@google.ca,Female,25-06-1976,5233.77
677,Kelley,Ternault,kternaultis@shutterfly.com,Male,15-01-1962,1781.24
678,Carlie,Adair,cadairit@newsvine.com,Female,19-05-1994,2552.19
679,Desmond,Sutton,dsuttoniu@last.fm,Male,01-12-1970,2324.31
680,Emma,Apperley,eapperleyiv@ucoz.com,Female,23-09-1968,3924.05
681,Ruthy,Lampe,rlampeiw@bing.com,Polygender,02-09-1984,4176.73
682,Jozef,Putson,jputsonix@va.gov,Male,09-10-1998,1191.09
683,Gannie,Wharf,gwharfiy@narod.ru,Male,08-09-1967,3959.68
684,Lane,Joskowicz,ljoskowicziz@blog.com,Male,27-02-1997,3260.3
685,Banky,Stanlock,bstanlockj0@ask.com,Male,26-05-1978,2604.98
686,Randi,Kiljan,rkiljanj1@nih.gov,Female,15-02-1970,4143.97
687,Tristam,Swansbury,tswansburyj2@msu.edu,Male,12-06-1982,4558.37
688,Corie,Pentycost,cpentycostj3@europa.eu,Female,31-10-1996,3173.58
689,Dougie,Escofier,descofierj4@yellowpages.com,Male,19-07-1982,3390.52
690,Raoul,Denerley,rdenerleyj5@intel.com,Male,05-03-1967,3612.02
691,Bethany,Burke,bburkej6@is.gd,Female,16-08-1995,1021.68
692,Cornela,Coldbath,ccoldbathj7@spiegel.de,Female,13-02-1981,2753.27
693,Christan,Cicetti,ccicettij8@blogs.com,Female,31-12-1968,4981.48
694,Kimberly,Rosie,krosiej9@cpanel.net,Female,24-07-1974,4750.2
695,Shae,Harcourt,sharcourtja@bing.com,Male,03-10-1978,2090.18
696,Karl,Mannooch,kmannoochjb@uol.com.br,Male,23-12-1978,5527.63
697,Katherine,Stannas,kstannasjc@cisco.com,Female,11-04-1988,2444.38
698,Carola,Duell,cduelljd@dailymotion.com,Female,01-11-1999,1085.17
699,Raine,Conaghy,rconaghyje@hibu.com,Female,21-07-1971,4720.09
700,Ronni,Tabrett,rtabrettjf@squarespace.com,Female,15-09-1981,5581.61
701,Gawen,Scone,gsconejg@mtv.com,Male,28-08-1994,5012.52
702,Wayland,Lappin,wlappinjh@epa.gov,Male,26-07-1980,4259.08
703,Lyle,Fludder,lfludderji@cyberchimps.com,Non-binary,06-02-1969,5815.55
704,Ansley,Duny,adunyjj@elpais.com,Agender,16-01-1976,2269.39
705,Trisha,Pidgeley,tpidgeleyjk@arizona.edu,Female,26-04-1983,4700.57
706,Krissie,Bower,kbowerjl@smugmug.com,Female,07-08-1982,2990.13
707,Obie,Steaning,osteaningjm@multiply.com,Male,16-11-1969,1832.42
708,Randi,Coyle,rcoylejn@illinois.edu,Male,03-09-1988,1785.19
709,Adolphe,Swanbourne,aswanbournejo@twitpic.com,Male,05-04-1982,3049.21
710,Trisha,Betjeman,tbetjemanjp@bloglines.com,Female,24-03-1963,4807.62
711,Wilmar,Tirte,wtirtejq@fc2.com,Male,16-07-1971,3605.42
712,Mattheus,Traite,mtraitejr@alibaba.com,Male,03-08-1982,4749.37
713,Lucy,Bortolazzi,lbortolazzijs@themeforest.net,Female,26-11-1973,3984.31
714,Mari,Basham,mbashamjt@cnet.com,Female,19-09-1981,3509.41
715,Tedra,Spurritt,tspurrittju@printfriendly.com,Genderfluid,05-12-1989,3748.27
716,Isobel,McKeney,imckeneyjv@youtu.be,Female,04-03-1969,4299.38
717,Fania,Gulvin,fgulvinjw@who.int,Female,07-07-1994,1086.97
718,Erma,Herley,eherleyjx@indiatimes.com,Female,08-08-1962,4683.68
719,Natty,Tansill,ntansilljy@utexas.edu,Female,01-08-1977,3545.87
720,Sherrie,Hubeaux,shubeauxjz@goo.gl,Female,29-12-1996,1178.31
721,Jasmina,Greenstead,jgreensteadk0@tinypic.com,Female,02-04-1981,4715.1
722,Neill,Sherrocks,nsherrocksk1@ning.com,Male,03-02-1960,2036.89
723,Lian,Bohlsen,lbohlsenk2@washington.edu,Female,13-11-1983,2966.5
724,Hugues,Simkovitz,hsimkovitzk3@cnn.com,Male,01-11-1995,5067.9
725,Marcille,Wellbeloved,mwellbelovedk4@rakuten.co.jp,Female,11-05-1996,3793.06
726,Linc,Delion,ldelionk5@gmpg.org,Male,08-02-1968,2541.43
727,Georgie,Dalton,gdaltonk6@blogs.com,Male,23-11-1998,2719.21
728,Ferdinand,Trainor,ftrainork7@smh.com.au,Male,10-01-1963,4576.12
729,Sofie,Arnaudi,sarnaudik8@state.gov,Female,08-06-1990,3715.46
730,Birk,Hacard,bhacardk9@taobao.com,Male,17-04-1969,1321.08
731,Dur,Ahrendsen,dahrendsenka@pinterest.com,Male,14-11-1988,5449.24
732,Monte,Cattonnet,mcattonnetkb@shutterfly.com,Genderqueer,30-01-1986,2119.61
733,Ailina,Cust,acustkc@altervista.org,Female,16-01-1962,4830.68
734,Giorgi,Dayes,gdayeskd@columbia.edu,Male,14-06-1988,1592.68
735,Judon,Ferie,jferieke@acquirethisname.com,Male,31-03-1969,3537.19
736,Carly,Dugald,cdugaldkf@uol.com.br,Male,11-03-1990,3151.18
737,Elfreda,Heinzler,eheinzlerkg@ucoz.ru,Female,30-06-1992,5784.91
738,Harrietta,Wolpert,hwolpertkh@guardian.co.uk,Female,21-03-1966,4814.8
739,Jillie,Sollom,jsollomki@canalblog.com,Genderfluid,03-02-1964,4814.1
740,Logan,Caple,lcaplekj@livejournal.com,Male,05-04-1989,3235.88
741,Cathi,Markl,cmarklkk@myspace.com,Female,05-10-1999,3618.84
742,Angele,Duling,adulingkl@comsenz.com,Agender,19-10-1993,3970.18
743,Rubin,Barwise,rbarwisekm@ihg.com,Male,05-06-1982,4671.69
744,Humfrid,Keveren,hkeverenkn@opensource.org,Male,12-06-1967,1333.24
745,Darren,Sammars,dsammarsko@sakura.ne.jp,Male,21-11-1968,5748.24
746,Der,Vittel,dvittelkp@chicagotribune.com,Male,26-04-1999,4218.35
747,Alanson,Blissett,ablissettkq@sourceforge.net,Male,24-12-1986,5423.97
748,Kaila,Tocqueville,ktocquevillekr@scientificamerican.com,Female,09-04-1964,4665.1
749,Gabriellia,Ferrige,gferrigeks@latimes.com,Female,09-04-1987,3874.9
750,Giffie,Tebbutt,gtebbuttkt@hugedomains.com,Male,07-09-1977,4846.66
751,Bancroft,Binns,bbinnsku@fastcompany.com,Male,18-05-1990,4621.59
752,Erik,Hesbrook,ehesbrookkv@people.com.cn,Male,17-06-1988,2967.96
753,Karel,Laurie,klauriekw@gov.uk,Male,10-01-1988,4402.16
754,Elsy,Ivett,eivettkx@washingtonpost.com,Female,26-05-1998,1495.78
755,Cletus,Hanigan,chaniganky@cbc.ca,Male,02-05-1979,1843.2
756,Hurleigh,Duncan,hduncankz@ning.com,Male,03-05-1995,1800.29
757,Sherman,Ickovicz,sickoviczl0@netvibes.com,Male,30-03-1988,3895.7
758,Meryl,Duny,mdunyl1@google.com.hk,Genderqueer,25-12-1971,5814.03
759,Ysabel,Badini,ybadinil2@pbs.org,Female,07-05-1991,1094.77
760,Heddi,Coldham,hcoldhaml3@marketwatch.com,Female,18-08-1967,4545.42
761,Mabelle,Chaudron,mchaudronl4@state.gov,Non-binary,21-08-1995,5306.93
762,Paxon,Purkiss,ppurkissl5@abc.net.au,Male,13-04-1967,2523.76
763,Candida,Polden,cpoldenl6@webeden.co.uk,Female,28-10-1972,2320.25
764,Sammy,Cavanaugh,scavanaughl7@home.pl,Male,29-01-1986,3641.56
765,Roslyn,Boal,rboall8@umich.edu,Female,09-05-1976,1867.75
766,Heinrick,Stanbury,hstanburyl9@guardian.co.uk,Male,06-03-1981,3397.71
767,Orbadiah,McWhan,omcwhanla@ebay.co.uk,Male,27-04-1965,4809.41
768,Major,Skeech,mskeechlb@usnews.com,Male,17-05-1969,3635.12
769,Virgie,Newick,vnewicklc@mayoclinic.com,Male,24-04-1979,2625.58
770,Dorise,Munns,dmunnsld@google.es,Female,28-06-1960,2123.4
771,Wenonah,Garrioch,wgarriochle@npr.org,Female,16-12-1977,1944.47
772,Justis,McGrail,jmcgraillf@tmall.com,Male,22-06-1982,2137.98
773,Phillis,Jansson,pjanssonlg@merriam-webster.com,Female,01-11-1991,3747.07
774,Ram,Eshmade,reshmadelh@bloglovin.com,Male,11-02-1991,2655.91
775,Fredric,De Luna,fdelunali@zdnet.com,Male,15-09-1991,5645.92
776,Di,Trattles,dtrattleslj@parallels.com,Female,30-10-1983,5230.65
777,Jess,Caulton,jcaultonlk@list-manage.com,Male,31-01-1960,4094.48
778,Ealasaid,Tixier,etixierll@mediafire.com,Female,12-01-1998,3996.6
779,Keelia,Choke,kchokelm@auda.org.au,Female,07-12-1985,2090.24
780,Zared,Scarff,zscarffln@fotki.com,Non-binary,09-06-1975,1568.94
781,Artemas,Gallifont,agallifontlo@com.com,Male,16-09-1983,2469.15
782,Flinn,Sheers,fsheerslp@dion.ne.jp,Male,07-06-1980,5212.13
783,Kelwin,Davidai,kdavidailq@usgs.gov,Male,03-10-1982,5019.18
784,Morty,Belchamber,mbelchamberlr@washington.edu,Male,26-01-1968,5186.56
785,Noak,O' Scallan,noscallanls@altervista.org,Male,30-08-1988,3057.71
786,Arther,Fellini,afellinilt@digg.com,Male,27-12-1993,1662.49
787,Nikki,Kowal,nkowallu@typepad.com,Agender,01-08-1968,5957.77
788,Tory,Cartmael,tcartmaellv@irs.gov,Female,16-09-1979,3582.77
789,Russell,Coe,rcoelw@mit.edu,Male,05-12-1988,2022.76
790,Caye,Jellyman,cjellymanlx@admin.ch,Female,12-09-1963,3876.31
791,Darda,Grzeskowski,dgrzeskowskily@livejournal.com,Female,28-10-1962,2723.0
792,Gusella,Jiggens,gjiggenslz@cpanel.net,Female,06-02-1978,4386.91
793,Fraser,Darker,fdarkerm0@gizmodo.com,Genderfluid,19-07-1961,3134.71
794,Crystie,Brass,cbrassm1@constantcontact.com,Female,16-12-1993,3615.15
795,Fanchon,O'Reagan,foreaganm2@cdc.gov,Female,23-09-1961,2932.66
796,Lion,Kinnin,lkinninm3@mtv.com,Male,05-03-1980,4385.33
797,Hermy,Quodling,hquodlingm4@dmoz.org,Male,10-05-1973,1829.8
798,Earl,Austwick,eaustwickm5@flavors.me,Male,15-05-1973,3190.98
799,Ulrick,Morehall,umorehallm6@slideshare.net,Male,20-03-1990,3193.41
800,Ervin,Suart,esuartm7@telegraph.co.uk,Male,01-06-1974,1328.27
801,Barnaby,McCallion,bmccallionm8@t.co,Male,30-05-1966,2206.55
802,Dukie,Stranks,dstranksm9@cnn.com,Male,15-07-1974,5337.8
803,Constantine,Ganter,cganterma@columbia.edu,Genderqueer,30-06-1997,5113.03
804,Shirlee,Borghese,sborghesemb@ovh.net,Genderfluid,18-07-1983,1525.93
805,Anders,Solway,asolwaymc@behance.net,Male,04-09-1986,3165.17
806,Wilbert,Grzelak,wgrzelakmd@sun.com,Male,10-03-1978,3067.74
807,Shayne,Ortet,sortetme@imageshack.us,Male,08-01-1972,4962.05
808,Erie,Herley,eherleymf@omniture.com,Polygender,31-01-1976,2108.29
809,Flora,Gath,fgathmg@aol.com,Female,21-12-1962,3612.08
810,Bernardo,Qusklay,bqusklaymh@studiopress.com,Male,23-01-1975,1774.59
811,Carmina,Golsby,cgolsbymi@ucsd.edu,Female,05-06-1987,1064.55
812,Trstram,Bowfin,tbowfinmj@blogger.com,Male,11-05-1996,5608.45
813,Matty,Leverson,mleversonmk@va.gov,Genderfluid,28-08-1985,5594.84
814,Rosie,Miere,rmiereml@spotify.com,Polygender,29-07-1960,1660.03
815,Tymothy,Fortnum,tfortnummm@msu.edu,Male,22-06-1987,1270.15
816,Kyle,Wohlers,kwohlersmn@sciencedirect.com,Female,25-04-1978,2128.9
817,Edlin,Ferraro,eferraromo@1und1.de,Male,03-05-1980,3989.56
818,Sly,Galpen,sgalpenmp@edublogs.org,Bigender,26-06-1967,2976.21
819,Gillan,Sivier,gsiviermq@sfgate.com,Female,30-08-1979,3914.85
820,Eddie,Buy,ebuymr@zimbio.com,Male,03-02-1978,3147.65
821,Welby,Haggeth,whaggethms@acquirethisname.com,Male,10-08-1993,1895.43
822,Mackenzie,Emmanuel,memmanuelmt@bluehost.com,Male,15-07-1976,3069.47
823,Philip,Bertrand,pbertrandmu@tinyurl.com,Male,21-03-1982,4561.28
824,Latrena,Kemell,lkemellmv@mysql.com,Female,15-08-1995,3865.92
825,Case,Snowling,csnowlingmw@posterous.com,Male,23-02-1962,1695.77
826,Trever,Ashard,tashardmx@boston.com,Male,07-04-1990,4800.53
827,Elyse,Fellis,efellismy@ow.ly,Female,18-04-1983,3569.72
828,Massimiliano,Scoone,mscoonemz@nasa.gov,Male,06-04-1985,1669.46
829,Carissa,Girvin,cgirvinn0@omniture.com,Female,17-02-1971,1372.37
830,Parsifal,Mulheron,pmulheronn1@kickstarter.com,Male,11-01-1995,2120.74
831,Den,Hebbard,dhebbardn2@china.com.cn,Male,26-01-1968,3430.26
832,Bourke,Lisett,blisettn3@theglobeandmail.com,Bigender,26-07-1977,4863.65
833,Amandy,Pauer,apauern4@discovery.com,Female,26-03-1981,4672.37
834,Dot,Hamberston,dhamberstonn5@e-recht24.de,Female,25-06-1968,2176.3
835,Valentino,Tolland,vtollandn6@github.com,Male,09-06-1991,4796.21
836,Colan,McParland,cmcparlandn7@prweb.com,Male,11-07-1972,2125.28
837,Josee,Burkert,jburkertn8@epa.gov,Female,16-02-1973,2782.75
838,Hamilton,Bruno,hbrunon9@behance.net,Male,25-05-1974,5537.0
839,Powell,Macura,pmacurana@sakura.ne.jp,Male,18-03-1997,5098.71
840,Tanney,Fenich,tfenichnb@so-net.ne.jp,Male,11-06-1963,4509.06
841,Kristofor,Cabedo,kcabedonc@miibeian.gov.cn,Male,20-09-1983,1153.85
842,Germaine,Salack,gsalacknd@furl.net,Male,08-01-1976,3833.33
843,Cyb,Bollam,cbollamne@sohu.com,Female,06-05-1996,1735.89
844,Clywd,Batthew,cbatthewnf@mozilla.com,Male,09-07-1989,4730.08
845,Nananne,Crosfeld,ncrosfeldng@technorati.com,Non-binary,07-07-1972,5661.84
846,Archy,Pratley,apratleynh@google.com.br,Male,11-07-1978,4571.29
847,Leonid,Weed,lweedni@businessweek.com,Male,05-10-1965,3927.26
848,Hakeem,O'Grada,hogradanj@cdc.gov,Male,15-03-1966,4667.52
849,Loreen,Dyble,ldyblenk@flickr.com,Polygender,26-01-1994,1224.09
850,Magdalene,Pahler,mpahlernl@blogspot.com,Female,08-02-1989,2854.64
851,Chrissie,Gilli,cgillinm@auda.org.au,Female,07-02-1978,1459.24
852,Fernandina,Harses,fharsesnn@technorati.com,Female,30-01-1978,3671.54
853,Rosco,Cours,rcoursno@webmd.com,Male,19-01-1986,1483.46
854,Tabbi,McLese,tmclesenp@aboutads.info,Female,16-08-1968,2234.15
855,Ximenez,Brisbane,xbrisbanenq@ebay.co.uk,Male,23-03-1992,1024.68
856,Raeann,McClounan,rmcclounannr@amazon.co.uk,Female,04-05-1969,2954.87
857,Piotr,Hardware,phardwarens@sun.com,Male,30-08-1996,1798.41
858,Christopher,Waldera,cwalderant@abc.net.au,Male,27-02-1961,1714.51
859,Parke,Lawler,plawlernu@about.me,Male,09-06-1988,2710.65
860,Wilden,D'Oyly,wdoylynv@about.me,Non-binary,23-09-1971,5226.72
861,Davon,Ericssen,dericssennw@symantec.com,Male,12-02-1997,3298.42
862,Erminie,Duchateau,educhateaunx@google.cn,Female,02-05-1986,2085.2
863,Hermine,Bengall,hbengallny@vistaprint.com,Female,19-10-1969,5387.4
864,Veronika,Mahood,vmahoodnz@state.gov,Female,13-03-1961,2056.09
865,Chandler,Kneaphsey,ckneaphseyo0@mashable.com,Male,23-12-1989,4518.32
866,Maddi,Howell,mhowello1@virginia.edu,Bigender,28-01-1962,5919.87
867,Cherilynn,Avis,caviso2@shutterfly.com,Non-binary,16-12-1962,1878.75
868,Ethelin,Okeshott,eokeshotto3@senate.gov,Agender,12-08-1973,4381.11
869,Nels,Surman-Wells,nsurmanwellso4@1und1.de,Male,13-10-2000,1934.19
870,Nil,Frankiewicz,nfrankiewiczo5@tiny.cc,Bigender,07-08-1974,5475.94
871,Constantine,Oldknowe,coldknoweo6@cnet.com,Female,03-07-1966,5056.48
872,Marsh,Doogue,mdoogueo7@globo.com,Agender,25-06-1964,1544.3
873,Denice,Queyeiro,dqueyeiroo8@jigsy.com,Female,04-05-1995,1910.89
874,Dorothea,Ratter,drattero9@google.es,Female,08-10-1975,3970.36
875,Zack,Gibben,zgibbenoa@guardian.co.uk,Male,08-08-2000,2382.12
876,Orsola,Barfield,obarfieldob@fda.gov,Female,19-11-1969,4165.02
877,Noella,Burch,nburchoc@elegantthemes.com,Female,24-01-1990,2794.63
878,Germaine,Nardi,gnardiod@home.pl,Genderfluid,03-10-1979,5085.08
879,Rance,McVicker,rmcvickeroe@prweb.com,Male,18-06-1993,4656.77
880,Garrot,Dubbin,gdubbinof@oracle.com,Male,27-11-1998,5529.12
881,Waylin,O'Connor,woconnorog@bloglovin.com,Male,26-04-1967,2467.16
882,Daniel,Sharpous,dsharpousoh@cisco.com,Male,05-02-1991,2426.05
883,Giacomo,Spriggin,gsprigginoi@ca.gov,Male,31-12-1983,5154.1
884,Norry,Couve,ncouveoj@baidu.com,Male,02-04-1999,1664.76
885,Franky,Hawyes,fhawyesok@etsy.com,Male,31-03-1985,2675.91
886,Eamon,Gilhooly,egilhoolyol@google.co.jp,Male,12-12-1998,1652.71
887,Paolo,Grennan,pgrennanom@oaic.gov.au,Male,12-01-1999,1604.14
888,Gustave,Peggs,gpeggson@wikimedia.org,Male,14-06-1988,2175.16
889,Sonya,Clace,sclaceoo@gmpg.org,Female,26-06-1972,2189.88
890,Nina,Trobe,ntrobeop@dedecms.com,Female,03-03-1986,5362.01
891,Siana,Cookes,scookesoq@hhs.gov,Female,12-10-1979,1197.83
892,Yale,Toth,ytothor@dmoz.org,Male,23-04-1979,4336.83
893,Henka,Daventry,hdaventryos@goodreads.com,Female,05-06-1970,2393.2
894,Butch,Le Gallo,blegalloot@epa.gov,Male,05-11-1987,3027.17
895,Allsun,Maven,amavenou@myspace.com,Female,26-10-1981,1511.03
896,Polly,Connal,pconnalov@about.com,Female,23-01-1973,5673.42
897,Riobard,Fleckness,rflecknessow@furl.net,Male,12-04-1989,1216.08
898,Burlie,Meron,bmeronox@who.int,Male,12-01-1993,2355.38
899,Ogdan,Piggott,opiggottoy@discuz.net,Male,04-05-1965,3004.19
900,Nerti,Hurl,nhurloz@ucsd.edu,Non-binary,05-02-1982,2077.8
901,Griffith,Godehard.sf,ggodehardsfp0@yolasite.com,Male,08-02-1981,5509.24
902,Thor,Thorius,tthoriusp1@comsenz.com,Male,04-12-1970,4511.98
903,Korie,Flasby,kflasbyp2@tinypic.com,Female,16-03-1961,1404.75
904,Erma,Sebrook,esebrookp3@networksolutions.com,Female,30-07-1965,2089.23
905,Marian,Pallant,mpallantp4@alibaba.com,Female,04-03-1994,1161.88
906,Katerina,Heaslip,kheaslipp5@issuu.com,Female,14-11-1964,5164.51
907,Gabey,Seakings,gseakingsp6@hatena.ne.jp,Agender,04-10-1997,1309.88
908,Kennie,Chaster,kchasterp7@mlb.com,Male,04-10-1978,3740.86
909,Fancy,Marusyak,fmarusyakp8@adobe.com,Female,06-04-1990,3279.43
910,Sunny,Boschmann,sboschmannp9@amazon.com,Male,12-07-1973,4688.71
911,Veronika,Fielden,vfieldenpa@etsy.com,Female,02-03-1998,2265.45
912,Maisey,Kesley,mkesleypb@cornell.edu,Female,08-07-1970,1921.09
913,Kimball,Castagno,kcastagnopc@google.it,Male,02-02-1992,4969.0
914,Layton,Jelks,ljelkspd@census.gov,Male,01-02-1980,3653.27
915,Ramsay,Glavis,rglavispe@dmoz.org,Male,15-01-1998,4659.6
916,Sydney,Hanford,shanfordpf@purevolume.com,Female,21-09-1967,5098.47
917,Gerry,Zavittieri,gzavittieripg@ucoz.ru,Male,16-07-1985,1457.09
918,Rafferty,McGilmartin,rmcgilmartinph@newyorker.com,Male,01-02-1984,2207.58
919,Dael,Yewdell,dyewdellpi@elegantthemes.com,Male,06-06-1996,2305.01
920,Antonia,Davidowsky,adavidowskypj@spiegel.de,Female,27-04-1972,2410.06
921,Nancy,Serjeant,nserjeantpk@odnoklassniki.ru,Agender,04-07-1984,5542.41
922,Sadella,Meffin,smeffinpl@fc2.com,Female,30-10-1960,1768.19
923,Claretta,Weight,cweightpm@nydailynews.com,Female,21-11-1982,4702.51
924,Vallie,Basso,vbassopn@ebay.com,Female,12-07-1980,4551.68
925,Mattie,Kinig,mkinigpo@parallels.com,Male,09-06-1980,2116.32
926,Claudianus,Kassel,ckasselpp@washingtonpost.com,Bigender,21-11-1999,3098.76
927,Clemmy,Klimowski,cklimowskipq@mapy.cz,Male,05-06-1974,5741.24
928,Etti,Bein,ebeinpr@weebly.com,Female,26-04-1973,4214.64
929,Stephenie,Raulin,sraulinps@blogtalkradio.com,Female,06-03-1988,2436.68
930,Fair,Gettings,fgettingspt@smh.com.au,Male,09-08-1963,4477.5
931,Coreen,Marjoribanks,cmarjoribankspu@hostgator.com,Female,09-12-1961,4585.85
932,Alexandro,Branwhite,abranwhitepv@artisteer.com,Male,17-10-1973,3440.52
933,Lilith,Bretland,lbretlandpw@weather.com,Female,07-04-1992,2567.17
934,Homere,Brailsford,hbrailsfordpx@skyrock.com,Male,06-09-1962,3473.68
935,Claudio,Itzcovichch,citzcovichchpy@theatlantic.com,Male,23-02-1969,1793.33
936,Bond,Toolin,btoolinpz@cnn.com,Male,03-02-1969,3372.57
937,Agustin,Haugh,ahaughq0@canalblog.com,Male,21-10-1983,4534.97
938,Jessa,Stride,jstrideq1@gizmodo.com,Female,26-05-1964,3640.58
939,Elsey,Ovendale,eovendaleq2@tumblr.com,Female,28-08-1979,3752.48
940,Galvan,Volker,gvolkerq3@nature.com,Male,21-05-1980,1310.21
941,Edgardo,Gludor,egludorq4@rediff.com,Male,30-10-1960,2226.64
942,Base,Froude,bfroudeq5@lycos.com,Male,25-03-1990,4346.58
943,Hart,Gherardini,hgherardiniq6@wufoo.com,Agender,01-02-1993,1177.57
944,Lucilia,Oram,loramq7@rakuten.co.jp,Female,18-06-1975,2076.79
945,Loree,Kapelhoff,lkapelhoffq8@aboutads.info,Female,29-09-1985,1054.15
946,Liane,Dysert,ldysertq9@stanford.edu,Female,29-06-1961,1810.58
947,Waring,Galiford,wgalifordqa@oakley.com,Male,07-05-1990,5586.54
948,Sheridan,Gannicleff,sgannicleffqb@woothemes.com,Male,18-09-1996,5603.83
949,Hilda,Pleven,hplevenqc@skyrock.com,Female,21-07-1965,5753.57
950,Bari,Tutchings,btutchingsqd@feedburner.com,Female,02-05-1997,2328.31
951,Nichole,Swatman,nswatmanqe@tmall.com,Female,21-10-1985,5176.26
952,Sibelle,Wolfart,swolfartqf@opera.com,Female,16-12-1979,4513.99
953,Lamar,Bullan,lbullanqg@tripadvisor.com,Male,28-02-1975,3820.04
954,Darci,Hubble,dhubbleqh@jalbum.net,Female,08-11-1985,5226.42
955,Nap,Ketch,nketchqi@hc360.com,Male,11-11-1967,2726.07
956,Delbert,Rosone,drosoneqj@flavors.me,Male,29-04-1982,2438.86
957,Margaux,von Nassau,mvonnassauqk@chronoengine.com,Female,27-04-1966,1927.85
958,Druci,Everit,deveritql@webeden.co.uk,Female,20-07-1980,1466.1
959,Nalani,Rentcome,nrentcomeqm@over-blog.com,Female,31-05-1992,4004.17
960,Miof mela,McKeaney,mmckeaneyqn@parallels.com,Female,04-02-1972,5503.99
961,Ingar,Wellstead,iwellsteadqo@google.com.hk,Male,13-12-1980,4910.29
962,Benedikt,Bovis,bbovisqp@time.com,Male,25-12-1964,1691.83
963,Vivyan,O' Markey,vomarkeyqq@nyu.edu,Female,08-05-1985,2215.09
964,Joye,Baskerfield,jbaskerfieldqr@oaic.gov.au,Female,19-12-1971,1801.67
965,Lindsay,Gorghetto,lgorghettoqs@tripadvisor.com,Female,04-09-1977,3705.84
966,Bert,Maruszewski,bmaruszewskiqt@bbc.co.uk,Female,17-01-1986,4258.44
967,Sandy,Dinnies,sdinniesqu@biblegateway.com,Female,16-09-1968,1520.99
968,Marlie,Adamek,madamekqv@behance.net,Genderqueer,07-07-1985,5690.42
969,Dana,Kinver,dkinverqw@nature.com,Male,22-10-1967,4594.73
970,Willyt,Banaszkiewicz,wbanaszkiewiczqx@google.de,Female,09-10-1968,3515.85
971,Amber,Readitt,areadittqy@gov.uk,Female,18-06-1973,1567.03
972,Shanie,Farrand,sfarrandqz@nsw.gov.au,Female,29-06-1967,5733.93
973,Steward,Bricknall,sbricknallr0@printfriendly.com,Male,07-10-1995,2266.82
974,Barb,Shortland,bshortlandr1@photobucket.com,Female,09-11-1993,1015.09
975,Bucky,Skett,bskettr2@yandex.ru,Male,24-07-1998,4060.54
976,Louie,Inglesant,linglesantr3@usa.gov,Male,02-02-1985,1348.93
977,Gerik,Hollyman,ghollymanr4@alexa.com,Male,19-04-1993,3922.02
978,Emmalee,Pulfer,epulferr5@google.ru,Female,01-01-1998,1363.38
979,Laurella,Beccera,lbeccerar6@hhs.gov,Female,03-03-1973,4175.58
980,Harman,Mordy,hmordyr7@foxnews.com,Male,11-05-1986,5077.29
981,Kristien,Rumble,krumbler8@google.nl,Female,23-12-1977,1657.58
982,Sloan,MacCart,smaccartr9@icio.us,Male,21-08-1980,5151.04
983,Nonna,Rutledge,nrutledgera@ft.com,Female,03-05-1986,5372.48
984,Allister,Mounsey,amounseyrb@bravesites.com,Male,31-08-1987,2511.37
985,Mart,Dabnot,mdabnotrc@alexa.com,Male,30-06-1974,5607.14
986,Constancy,Thoma,cthomard@geocities.jp,Female,23-02-1991,3442.25
987,Mischa,Brammall,mbrammallre@time.com,Male,21-03-1993,1495.25
988,Egor,Lathee,elatheerf@delicious.com,Polygender,24-09-1999,2876.91
989,Bernetta,Rudeforth,brudeforthrg@hubpages.com,Female,20-11-1999,3583.48
990,Delaney,Ducrow,dducrowrh@forbes.com,Male,16-07-1976,2515.97
991,Bear,Latour,blatourri@example.com,Male,24-09-1990,2934.17
992,Shandra,Shrubb,sshrubbrj@printfriendly.com,Female,01-08-1963,3812.22
993,Cchaddie,Coggell,ccoggellrk@imageshack.us,Male,08-04-1998,3132.05
994,Dix,Wandtke,dwandtkerl@nyu.edu,Female,12-06-1960,5283.93
995,Evan,Radbourn,eradbournrm@apache.org,Male,22-04-1972,1125.5
996,Timmy,Simounet,tsimounetrn@webmd.com,Female,08-11-1969,4749.39
997,Corinne,Smidmor,csmidmorro@amazon.de,Female,04-11-1985,5139.87
998,Lula,Niessen,lniessenrp@weebly.com,Female,18-01-1972,1566.22
999,Nichol,Sabatini,nsabatinirq@prweb.com,Female,30-11-1990,3457.42
1000,Gare,Kelmere,gkelmererr@skyrock.com,Male,26-06-1964,4014.76